Model,Accuracy,CV Accuracy,CV Std,Precision,Recall,F1-Score,Train Time (s),Inference Time (s),Saved_at,Training dataset name,ROC-AUC,Num samples in dataset,Note,Ablation Group,Ablation Name,Ablation Mode,Parent Feature Dataset
Char-LSTM,0.963991728,0.94826091,0.008191913,0.962382688,0.968542659,0.965452848,103.53,0.49,2025-11-20_21-01-49,new_data_urls,,,,,,,
Char-BiLSTM,0.961680386,0.956204901,0.002398367,0.956806283,0.970025759,0.963370673,105.622,0.476,2025-11-20_21-01-49,new_data_urls,,,,,,,
CharRNN,0.959693443,,,0.952654562,0.970650222,0.961568203,47.087,0.455,2025-11-20_21-01-49,new_data_urls,,,,,,,
CharCNN,0.957990349,,,0.961438984,0.957536492,0.95948377,48.331,0.528,2025-11-20_21-01-49,new_data_urls,,,,,,,
CatBoost Classifier,0.939094116,0.93651373,0.001676531,0.926465043,0.958863477,0.942385884,6.321,0.018,2025-11-20_21-01-49,new_data_urls,,,,,,,
Random Forest,0.937512672,0.934827946,0.002054132,0.92715282,0.954726407,0.940737607,0.934,0.075,2025-11-20_21-01-49,new_data_urls,,,,,,,
Multi-layer Perceptron,0.934998581,0.926781369,0.004371347,0.922178695,0.955506986,0.938547058,197.425,0.04,2025-11-20_21-01-49,new_data_urls,,,,,,,
LightGBM,0.934795831,0.930691693,0.003070568,0.920059993,0.957692608,0.938499197,0.326,0.025,2025-11-20_21-01-49,new_data_urls,,,,,,,
XGBoost Classifier,0.925469365,0.923027459,0.002236051,0.906256942,0.95535087,0.930156559,0.25,0.017,2025-11-20_21-01-49,new_data_urls,,,,,,,
Gradient Boosting,0.911763513,0.90995829,0.001262119,0.885577551,0.953321364,0.918201639,7.807,0.044,2025-11-20_21-01-49,new_data_urls,,,,,,,
Decision Tree,0.902072098,0.902259298,0.001934799,0.875306859,0.946296152,0.909418251,0.263,0.006,2025-11-20_21-01-49,new_data_urls,,,,,,,
K Nearest Neighbors,0.9015044,0.898835593,0.002644497,0.878794513,0.940051518,0.908391477,0.01,1.364,2025-11-20_21-01-49,new_data_urls,,,,,,,
Logistic Regression,0.846316046,0.844508168,0.004081193,0.82620959,0.891733666,0.857722051,24.098,0.014,2025-11-20_21-01-49,new_data_urls,,,,,,,
Support Vector Machine,0.83662463,0.837678137,0.003262482,0.841658886,0.84435251,0.843003546,625.978,37.461,2025-11-20_21-01-49,new_data_urls,,,,,,,
Naive Bayes,0.795263777,0.794143205,0.003450551,0.772887076,0.858012645,0.813228277,0.079,0.008,2025-11-20_21-01-49,new_data_urls,,,,,,,
CharBERT,0.913020559,,,0.887403748,0.953555538,0.919291116,820.69,22.38,2025-11-26_00-14-05,new_data_urls,,,,,,,
CharBERT,0.901950448,,,0.941691458,0.864803684,0.901611328,858.705,23.099,2025-11-26_02-59-49,new_data_urls,,,,,,,
CharBERT_Optimized,0.932078991,,,0.935544431,0.933572711,0.934557531,2967.497,86.195,2025-11-26_01-32-08,new_data_urls,,,,,,,
CharBERT,0.913020559,,,0.887403748,0.953555538,0.919291116,820.69,22.38,2025-11-26_01-32-08,new_data_urls,,,,,,,
CharBERT,0.91261506,,,0.896605628,0.940207634,0.917889122,822.804,22.468,2025-11-26_01-49-48,new_data_urls,,,,,,,
CatBoost Classifier,0.939013017,0.936305179,0.001591883,0.926325315,0.958863477,0.942313593,7.934,0.019,2026-01-15_19-56-07,new_data_urls,,,,,,,
Random Forest,0.937512672,0.934827946,0.002054132,0.92715282,0.954726407,0.940737607,1.192,0.086,2026-01-15_19-56-07,new_data_urls,,,,,,,
Decision Tree,0.902072098,0.902259298,0.001934799,0.875306859,0.946296152,0.909418251,0.237,0.005,2026-01-15_19-56-07,new_data_urls,,,,,,,
Stacker model (LR meta model v1),0.98986098,,,0.985594238,0.997743056,0.991631438,,,2026-04-15_12-54-03,phishing_url_dataset_unique,0.995631038,9567.0,sklearn v 1.6.1,,,,
Stacker model v2,0.990023901,,,0.985677749,0.997928534,0.991765311,,,2026-04-15_23_50_07,phishing_url_dataset_unique,0.995526788,9623.0,sklearn v1.8.2,,,,
Stacker model (4-signal LR meta model v1),0.988672971,,,0.983497788,0.997928534,0.990660612,3.148,0.186,2026-04-16 19-03-33,data/results/stacker_training_features.csv,0.993282385,9623.0,sklearn v1.8.0; 4-signal stacker,,,,
Meta model (rich-signal Logistic Regression v1),0.98926221,0.990201767,0.000867132,0.986324786,0.995972382,0.991125107,0.033,0.003,2026-04-19 04-22-52,data/results/stacker_training_features.csv,0.994681922,9623.0,meta_model_rich_lr_v1; sklearn v1.8.0,,,,
Meta model (rich-signal Naive Bayes v1),0.703498441,0.702790573,0.005508438,0.67027027,0.998849252,0.802218115,0.009,0.003,2026-04-19 04-22-52,data/results/stacker_training_features.csv,0.989239154,9623.0,meta_model_rich_nb_v1; sklearn v1.8.0,,,,
Meta model (rich-signal Decision Tree v1),0.994111534,0.990795569,0.002917564,0.993123209,0.99712313,0.99511915,0.021,0.004,2026-04-19 04-22-52,data/results/stacker_training_features.csv,0.99187616,9623.0,meta_model_rich_dt_v1; sklearn v1.8.0,,,,
Meta model (rich-signal Random Forest v1),0.994457915,0.993616103,0.002681318,0.992562929,0.998273878,0.995410212,0.238,0.055,2026-04-19 04-22-52,data/results/stacker_training_features.csv,0.998842241,9623.0,meta_model_rich_rf_v1; sklearn v1.8.0,,,,
Meta model (rich-signal Gradient Boosting v1),0.995150675,0.993467735,0.00190199,0.993699885,0.998273878,0.99598163,0.727,0.006,2026-04-19 04-22-52,data/results/stacker_training_features.csv,0.998349743,9623.0,meta_model_rich_gb_v1; sklearn v1.8.0,,,,
Meta model (rich-signal K Nearest Neighbors v1),0.98960859,0.989756333,0.002223013,0.985779295,0.99712313,0.991418764,0.02,0.073,2026-04-19 04-22-52,data/results/stacker_training_features.csv,0.992878933,9623.0,meta_model_rich_knn_v1; sklearn v1.8.0,,,,
Meta model (rich-signal CatBoost Classifier v1),0.993072393,0.993467735,0.002319747,0.990296804,0.998273878,0.994269341,4.453,0.013,2026-04-19 04-22-52,data/results/stacker_training_features.csv,0.998595867,9623.0,meta_model_rich_cb_v1; sklearn v1.8.0,,,,
Meta model (rich-signal Support Vector Machine v1),0.98891583,0.989459487,0.001586119,0.985210466,0.996547756,0.990846682,0.51,0.063,2026-04-19 04-22-52,data/results/stacker_training_features.csv,0.987107917,9623.0,meta_model_rich_svm_v1; sklearn v1.8.0,,,,
Meta model (rich-signal Multi-layer Perceptron v1),0.98960859,0.990053399,0.00075766,0.985779295,0.99712313,0.991418764,1.305,0.011,2026-04-19 04-22-52,data/results/stacker_training_features.csv,0.994986885,9623.0,meta_model_rich_mlp_v1; sklearn v1.8.0,,,,
Meta model (rich-signal XGBoost v1),0.995150675,0.992131872,0.001528442,0.993135011,0.998849252,0.995983936,0.083,0.01,2026-04-19 04-22-52,data/results/stacker_training_features.csv,0.998348491,9623.0,meta_model_rich_xgb_v1; sklearn v1.8.0,,,,
Meta model (rich-signal LightGBM v1),0.992726013,0.993616543,0.002554067,0.990851915,0.99712313,0.993977631,0.14,0.022,2026-04-19 04-22-52,data/results/stacker_training_features.csv,0.998552802,9623.0,meta_model_rich_lgbm_v1; sklearn v1.8.0,,,,
Meta model (4-signal Logistic Regression v1),0.98926221,0.988866015,0.001325939,0.984117981,0.998273878,0.991145387,0.016,0.003,2026-04-19 04-25-21,data/results/stacker_training_features_4signal.csv,0.992272262,9623.0,meta_model_4signal_lr_v1; sklearn v1.8.0,,,,
Meta model (4-signal Naive Bayes v1),0.983027364,0.985154283,0.002047393,0.986183074,0.98561565,0.985899281,0.008,0.003,2026-04-19 04-25-21,data/results/stacker_training_features_4signal.csv,0.99553021,9623.0,meta_model_4signal_nb_v1; sklearn v1.8.0,,,,
Meta model (4-signal Decision Tree v1),0.990994112,0.989608185,0.003149308,0.988584475,0.996547756,0.992550143,0.017,0.004,2026-04-19 04-25-21,data/results/stacker_training_features_4signal.csv,0.987359048,9623.0,meta_model_4signal_dt_v1; sklearn v1.8.0,,,,
Meta model (4-signal Random Forest v1),0.994111534,0.99302219,0.002025795,0.991433467,0.998849252,0.995127544,0.226,0.061,2026-04-19 04-25-21,data/results/stacker_training_features_4signal.csv,0.997620636,9623.0,meta_model_4signal_rf_v1; sklearn v1.8.0,,,,
Meta model (4-signal Gradient Boosting v1),0.994111534,0.993170889,0.001719216,0.991433467,0.998849252,0.995127544,0.497,0.005,2026-04-19 04-25-21,data/results/stacker_training_features_4signal.csv,0.996965891,9623.0,meta_model_4signal_gb_v1; sklearn v1.8.0,,,,
Meta model (4-signal K Nearest Neighbors v1),0.98926221,0.988420581,0.002420804,0.984667802,0.997698504,0.991140326,0.011,0.033,2026-04-19 04-25-21,data/results/stacker_training_features_4signal.csv,0.991833595,9623.0,meta_model_4signal_knn_v1; sklearn v1.8.0,,,,
Meta model (4-signal CatBoost Classifier v1),0.994111534,0.993170668,0.002947739,0.991433467,0.998849252,0.995127544,4.401,0.007,2026-04-19 04-25-21,data/results/stacker_training_features_4signal.csv,0.99807107,9623.0,meta_model_4signal_cb_v1; sklearn v1.8.0,,,,
Meta model (4-signal Support Vector Machine v1),0.98926221,0.988271992,0.00118761,0.984117981,0.998273878,0.991145387,0.435,0.052,2026-04-19 04-25-21,data/results/stacker_training_features_4signal.csv,0.987976737,9623.0,meta_model_4signal_svm_v1; sklearn v1.8.0,,,,
Meta model (4-signal Multi-layer Perceptron v1),0.988569449,0.987826668,0.001793607,0.983550766,0.997698504,0.990574122,1.221,0.004,2026-04-19 04-25-21,data/results/stacker_training_features_4signal.csv,0.99435843,9623.0,meta_model_4signal_mlp_v1; sklearn v1.8.0,,,,
Meta model (4-signal XGBoost v1),0.994804295,0.992874043,0.002078907,0.992567181,0.998849252,0.995698308,0.075,0.008,2026-04-19 04-25-21,data/results/stacker_training_features_4signal.csv,0.998190752,9623.0,meta_model_4signal_xgb_v1; sklearn v1.8.0,,,,
Meta model (4-signal LightGBM v1),0.993418774,0.993764801,0.003340011,0.990862364,0.998273878,0.994554314,0.138,0.017,2026-04-19 04-25-21,data/results/stacker_training_features_4signal.csv,0.998492961,9623.0,meta_model_4signal_lgbm_v1; sklearn v1.8.0,,,,
Ablation meta model (Logistic Regression),0.5813155980463472,0.5813152253152254,0.0024637745424263,0.6100848726909636,0.8437769722078371,0.7081492212966316,0.232,0.003,2026-06-03 18-34-34,data/results/stacker_training_features_4signal.csv,0.4571723593659224,9623.0,meta_model_4sig_intrinsic_only_lr; sklearn v1.8.0,4sig,intrinsic_only,strict,data/results/stacker_training_features_4signal.csv
Ablation meta model (Gradient Boosting),0.8306141535903564,0.8306133326133326,0.005892627308379,0.820378636293674,0.9200759537372692,0.8673718470301057,5.943,0.012,2026-06-03 18-35-47,data/results/stacker_training_features_4signal.csv,0.8890887264227693,9623.0,meta_model_4sig_intrinsic_only_gb; sklearn v1.8.0,4sig,intrinsic_only,strict,data/results/stacker_training_features_4signal.csv
Ablation meta model (Support Vector Machine),0.7914371817520524,0.6772319032319032,0.0069232899250676,0.7955042147986263,0.879682375280511,0.8354783178949095,146.465,5.192,2026-06-03 20-20-38,data/results/stacker_training_features_4signal.csv,0.7881048704229785,9623.0,meta_model_4sig_intrinsic_only_svm; sklearn v1.8.0,4sig,intrinsic_only,strict,data/results/stacker_training_features_4signal.csv
Ablation meta model (Multi-layer Perceptron),0.8147147459212304,0.8147136647136646,0.0072466119949503,0.8115288999378496,0.9016053858104608,0.8541990350805463,43.048,0.007,2026-06-03 20-21-37,data/results/stacker_training_features_4signal.csv,0.8592089399333579,9623.0,meta_model_4sig_intrinsic_only_mlp; sklearn v1.8.0,4sig,intrinsic_only,strict,data/results/stacker_training_features_4signal.csv
Ablation meta model (Decision Tree),0.8214693962381794,0.8214680994680995,0.007115646659239,0.8442304443318128,0.8625927843949595,0.8533128415300546,0.256,0.002,2026-06-03 20-21-53,data/results/stacker_training_features_4signal.csv,0.8109604911662991,9623.0,meta_model_4sig_intrinsic_only_dt; sklearn v1.8.0,4sig,intrinsic_only,strict,data/results/stacker_training_features_4signal.csv
Ablation meta model (Logistic Regression),0.5614673178842357,0.5614669114669114,0.0081558857879153,0.6013400335008375,0.805627481443121,0.6886527962225173,0.199,0.002,2026-06-03 20-27-11,data/results/stacker_training_features_4signal.csv,0.4923071375870491,9623.0,meta_model_4sig_intrinsic_and_vt_lr; sklearn v1.8.0,4sig,intrinsic_and_vt,strict,data/results/stacker_training_features_4signal.csv
Ablation meta model (Gradient Boosting),0.8679206068793516,0.8679208899208899,0.0031291684738468,0.858433734939759,0.9347488348006214,0.894967358069581,5.374,0.009,2026-06-03 20-27-16,data/results/stacker_training_features_4signal.csv,0.9342687830229968,9623.0,meta_model_4sig_intrinsic_and_vt_gb; sklearn v1.8.0,4sig,intrinsic_and_vt,strict,data/results/stacker_training_features_4signal.csv
Ablation meta model (Support Vector Machine),0.8049464823859503,0.677958095958096,0.0080153633427394,0.8156028368794326,0.8734679785948558,0.8435442193881804,117.51,4.301,2026-06-03 20-29-18,data/results/stacker_training_features_4signal.csv,0.8306534761725122,9623.0,meta_model_4sig_intrinsic_and_vt_svm; sklearn v1.8.0,4sig,intrinsic_and_vt,strict,data/results/stacker_training_features_4signal.csv
Ablation meta model (Multi-layer Perceptron),0.8560739894003949,0.8560745740745741,0.0062477952694969,0.8512910423971948,0.9219747971689972,0.8852241650783128,53.114,0.005,2026-06-03 20-30-11,data/results/stacker_training_features_4signal.csv,0.9098150329086288,9623.0,meta_model_4sig_intrinsic_and_vt_mlp; sklearn v1.8.0,4sig,intrinsic_and_vt,strict,data/results/stacker_training_features_4signal.csv
Ablation meta model (Decision Tree),0.8464096435622986,0.8464084564084564,0.0096709577820087,0.8659881255301103,0.8812359744519247,0.8735455167693361,0.254,0.002,2026-06-03 20-30-11,data/results/stacker_training_features_4signal.csv,0.8374383146311002,9623.0,meta_model_4sig_intrinsic_and_vt_dt; sklearn v1.8.0,4sig,intrinsic_and_vt,strict,data/results/stacker_training_features_4signal.csv
Ablation meta model (Logistic Regression),0.9884651356125947,0.9884651564651564,0.0018986723586669,0.9841513292433538,0.9968928016571724,0.9904810908155388,0.2,0.002,2026-06-03 20-30-12,data/results/stacker_training_features_4signal.csv,0.9932534494003072,9623.0,meta_model_4sig_intrinsic_and_tranco_lr; sklearn v1.8.0,4sig,intrinsic_and_tranco,strict,data/results/stacker_training_features_4signal.csv
Ablation meta model (Gradient Boosting),0.9922061727112128,0.9922065502065502,0.0017058728306229,0.9907312049433572,0.9963749352667012,0.9935450555125226,6.266,0.01,2026-06-03 20-30-18,data/results/stacker_training_features_4signal.csv,0.99700182853259,9623.0,meta_model_4sig_intrinsic_and_tranco_gb; sklearn v1.8.0,4sig,intrinsic_and_tranco,strict,data/results/stacker_training_features_4signal.csv
Ablation meta model (Support Vector Machine),0.9895043125844332,0.9892965412965412,0.0017566932732823,0.984508001361934,0.9982737786984291,0.9913431044827292,7.571,0.225,2026-06-03 20-30-26,data/results/stacker_training_features_4signal.csv,0.9896657485693322,9623.0,meta_model_4sig_intrinsic_and_tranco_svm; sklearn v1.8.0,4sig,intrinsic_and_tranco,strict,data/results/stacker_training_features_4signal.csv
Ablation meta model (Multi-layer Perceptron),0.9884651356125947,0.9884652644652644,0.0015541036015329,0.9831632653061224,0.9979285344381148,0.990490876381393,11.046,0.005,2026-06-03 20-30-37,data/results/stacker_training_features_4signal.csv,0.9943535887149296,9623.0,meta_model_4sig_intrinsic_and_tranco_mlp; sklearn v1.8.0,4sig,intrinsic_and_tranco,strict,data/results/stacker_training_features_4signal.csv
Ablation meta model (Decision Tree),0.9880494648238596,0.988049842049842,0.002152665486488,0.9903281519861832,0.989815294320732,0.9900716567383234,0.251,0.002,2026-06-03 20-30-37,data/results/stacker_training_features_4signal.csv,0.9875969421995304,9623.0,meta_model_4sig_intrinsic_and_tranco_dt; sklearn v1.8.0,4sig,intrinsic_and_tranco,strict,data/results/stacker_training_features_4signal.csv
Ablation meta model (Logistic Regression),0.9846201808167931,0.9846204606204608,0.0019023812172456,0.97540845544888,0.999654755739686,0.987382779198636,0.202,0.002,2026-06-03 20-30-37,data/results/stacker_training_features_4signal.csv,0.9779313198291448,9623.0,meta_model_4sig_extrinsic_lr; sklearn v1.8.0,4sig,extrinsic,strict,data/results/stacker_training_features_4signal.csv
Ablation meta model (Gradient Boosting),0.9898160656759846,0.9898159678159676,0.0011672294431446,0.9856728637216442,0.9975832901778008,0.99159231297186,3.251,0.009,2026-06-03 20-30-41,data/results/stacker_training_features_4signal.csv,0.9964969200696436,9623.0,meta_model_4sig_extrinsic_gb; sklearn v1.8.0,4sig,extrinsic,strict,data/results/stacker_training_features_4signal.csv
Ablation meta model (Support Vector Machine),0.986490699366102,0.9864908604908604,0.0021029247511798,0.9798339264531436,0.998101156568272,0.9888831879596374,6.732,0.247,2026-06-03 20-30-48,data/results/stacker_training_features_4signal.csv,0.9915665300563072,9623.0,meta_model_4sig_extrinsic_svm; sklearn v1.8.0,4sig,extrinsic,strict,data/results/stacker_training_features_4signal.csv
Ablation meta model (Multi-layer Perceptron),0.9845162631196092,0.9845165105165103,0.0018391263871176,0.9752441899629504,0.999654755739686,0.9872986105191374,5.863,0.005,2026-06-03 20-30-54,data/results/stacker_training_features_4signal.csv,0.9825253671149884,9623.0,meta_model_4sig_extrinsic_mlp; sklearn v1.8.0,4sig,extrinsic,strict,data/results/stacker_training_features_4signal.csv
Ablation meta model (Decision Tree),0.988984724098514,0.9889846909846908,0.0017202031918035,0.9891622226045071,0.9925772484032452,0.9908667930380838,0.135,0.002,2026-06-03 20-30-54,data/results/stacker_training_features_4signal.csv,0.994221372783124,9623.0,meta_model_4sig_extrinsic_dt; sklearn v1.8.0,4sig,extrinsic,strict,data/results/stacker_training_features_4signal.csv
Ablation meta model (Logistic Regression),0.5813155980463472,0.5813152253152254,0.0024637745424263,0.6100848726909636,0.8437769722078371,0.7081492212966316,0.163,0.002,2026-06-03 20-34-11,data/results/stacker_training_features.csv,0.4571723593659224,9623.0,meta_model_rich_intrinsic_only_lr; sklearn v1.8.0,rich,intrinsic_only,strict,data/results/stacker_training_features.csv
Ablation meta model (Gradient Boosting),0.8306141535903564,0.8306133326133326,0.005892627308379,0.820378636293674,0.9200759537372692,0.8673718470301057,5.484,0.009,2026-06-03 20-34-16,data/results/stacker_training_features.csv,0.8890887264227693,9623.0,meta_model_rich_intrinsic_only_gb; sklearn v1.8.0,rich,intrinsic_only,strict,data/results/stacker_training_features.csv
Ablation meta model (Support Vector Machine),0.7917489348436039,0.6772319032319032,0.0069232899250676,0.795784543325527,0.8798549974106681,0.8357107722577471,142.166,5.091,2026-06-03 20-36-44,data/results/stacker_training_features.csv,0.7882072267826614,9623.0,meta_model_rich_intrinsic_only_svm; sklearn v1.8.0,rich,intrinsic_only,strict,data/results/stacker_training_features.csv
Ablation meta model (Multi-layer Perceptron),0.8147147459212304,0.8147136647136646,0.0072466119949503,0.8115288999378496,0.9016053858104608,0.8541990350805463,48.034,0.005,2026-06-03 20-37-32,data/results/stacker_training_features.csv,0.8592089399333579,9623.0,meta_model_rich_intrinsic_only_mlp; sklearn v1.8.0,rich,intrinsic_only,strict,data/results/stacker_training_features.csv
Ablation meta model (Decision Tree),0.8214693962381794,0.8214680994680995,0.007115646659239,0.8442304443318128,0.8625927843949595,0.8533128415300546,0.281,0.003,2026-06-03 20-37-32,data/results/stacker_training_features.csv,0.8109604911662991,9623.0,meta_model_rich_intrinsic_only_dt; sklearn v1.8.0,rich,intrinsic_only,strict,data/results/stacker_training_features.csv
Ablation meta model (Logistic Regression),0.693027122518965,0.693027027027027,0.0088070762296626,0.6881877237173538,0.8960814776454341,0.778494301139772,0.277,0.003,2026-06-03 20-37-32,data/results/stacker_training_features.csv,0.6941086275458948,9623.0,meta_model_rich_intrinsic_and_vt_lr; sklearn v1.8.0,rich,intrinsic_and_vt,strict,data/results/stacker_training_features.csv
Ablation meta model (Gradient Boosting),0.8690637015483736,0.869064179064179,0.0028615537704701,0.8585666824869482,0.9368203003625064,0.8959881129271917,6.733,0.011,2026-06-03 20-37-39,data/results/stacker_training_features.csv,0.9374665967163934,9623.0,meta_model_rich_intrinsic_and_vt_gb; sklearn v1.8.0,rich,intrinsic_and_vt,strict,data/results/stacker_training_features.csv
Ablation meta model (Support Vector Machine),0.7760573625688455,0.616958500958501,0.0104105438496729,0.8534784298484259,0.7581563956499223,0.8029984459274156,132.753,4.911,2026-06-03 20-39-57,data/results/stacker_training_features.csv,0.8546430169841247,9623.0,meta_model_rich_intrinsic_and_vt_svm; sklearn v1.8.0,rich,intrinsic_and_vt,strict,data/results/stacker_training_features.csv
Ablation meta model (Multi-layer Perceptron),0.8591915203159098,0.8591918891918893,0.0036149188918347,0.8572118480360592,0.9192128430864837,0.8871303623490212,63.33,0.006,2026-06-03 20-41-00,data/results/stacker_training_features.csv,0.9155315747510162,9623.0,meta_model_rich_intrinsic_and_vt_mlp; sklearn v1.8.0,rich,intrinsic_and_vt,strict,data/results/stacker_training_features.csv
Ablation meta model (Decision Tree),0.8540995531539021,0.8540985500985501,0.0079956376395808,0.8715083798882681,0.8886587260486795,0.88,0.28,0.003,2026-06-03 20-41-01,data/results/stacker_training_features.csv,0.8451995949013823,9623.0,meta_model_rich_intrinsic_and_vt_dt; sklearn v1.8.0,rich,intrinsic_and_vt,strict,data/results/stacker_training_features.csv
Ablation meta model (Logistic Regression),0.9884651356125947,0.9884651564651564,0.0018986723586669,0.9841513292433538,0.9968928016571724,0.9904810908155388,0.326,0.002,2026-06-03 20-41-01,data/results/stacker_training_features.csv,0.9933710848467066,9623.0,meta_model_rich_intrinsic_and_tranco_lr; sklearn v1.8.0,rich,intrinsic_and_tranco,strict,data/results/stacker_training_features.csv
Ablation meta model (Gradient Boosting),0.9928296788943156,0.992829872829873,0.0014084560707295,0.9912461380020596,0.9968928016571724,0.9940614510715208,7.733,0.013,2026-06-03 20-41-09,data/results/stacker_training_features.csv,0.9964469813437392,9623.0,meta_model_rich_intrinsic_and_tranco_gb; sklearn v1.8.0,rich,intrinsic_and_tranco,strict,data/results/stacker_training_features.csv
Ablation meta model (Support Vector Machine),0.9892964771900654,0.9894004374004371,0.0016621035093728,0.9845027247956404,0.9979285344381148,0.991170167166738,8.146,0.233,2026-06-03 20-41-17,data/results/stacker_training_features.csv,0.9885964378544556,9623.0,meta_model_rich_intrinsic_and_tranco_svm; sklearn v1.8.0,rich,intrinsic_and_tranco,strict,data/results/stacker_training_features.csv
Ablation meta model (Multi-layer Perceptron),0.9887768887041464,0.9887770607770608,0.0015257807289736,0.9836651352730984,0.9979285344381148,0.990745501285347,11.766,0.007,2026-06-03 20-41-29,data/results/stacker_training_features.csv,0.9941833553505424,9623.0,meta_model_rich_intrinsic_and_tranco_mlp; sklearn v1.8.0,rich,intrinsic_and_tranco,strict,data/results/stacker_training_features.csv
Ablation meta model (Decision Tree),0.9890886417956978,0.9890889650889648,0.001996994448844,0.9910220994475138,0.9908510271016744,0.9909365558912386,0.407,0.003,2026-06-03 20-41-29,data/results/stacker_training_features.csv,0.98863700180149,9623.0,meta_model_rich_intrinsic_and_tranco_dt; sklearn v1.8.0,rich,intrinsic_and_tranco,strict,data/results/stacker_training_features.csv
Ablation meta model (Logistic Regression),0.9862828639717344,0.9862828522828522,0.0020413722657029,0.9795019481619516,0.998101156568272,0.9887140902872776,0.323,0.004,2026-06-03 20-41-30,data/results/stacker_training_features.csv,0.9874169509523288,9623.0,meta_model_rich_extrinsic_lr; sklearn v1.8.0,rich,extrinsic,strict,data/results/stacker_training_features.csv
Ablation meta model (Gradient Boosting),0.9924140081055804,0.9924139104139104,0.0014919508935379,0.9920853406744666,0.9953392024857588,0.9937096079276174,5.549,0.011,2026-06-03 20-41-35,data/results/stacker_training_features.csv,0.9961211627069492,9623.0,meta_model_rich_extrinsic_gb; sklearn v1.8.0,rich,extrinsic,strict,data/results/stacker_training_features.csv
Ablation meta model (Support Vector Machine),0.9863867816689182,0.9856594756594756,0.0022421383873891,0.980971797485559,0.9967201795270154,0.9887832862402604,11.756,0.261,2026-06-03 20-41-47,data/results/stacker_training_features.csv,0.9895432229137624,9623.0,meta_model_rich_extrinsic_svm; sklearn v1.8.0,rich,extrinsic,strict,data/results/stacker_training_features.csv
Ablation meta model (Multi-layer Perceptron),0.9862828639717344,0.9862830142830143,0.0019315947907076,0.979989825334916,0.9975832901778008,0.9887082976903336,9.884,0.006,2026-06-03 20-41-57,data/results/stacker_training_features.csv,0.9877601670152912,9623.0,meta_model_rich_extrinsic_mlp; sklearn v1.8.0,rich,extrinsic,strict,data/results/stacker_training_features.csv
Ablation meta model (Decision Tree),0.9929335965914996,0.992933390933391,0.0013398534444739,0.9958427160921532,0.9924046262730882,0.9941206985993428,0.227,0.002,2026-06-03 20-41-58,data/results/stacker_training_features.csv,0.992829804044586,9623.0,meta_model_rich_extrinsic_dt; sklearn v1.8.0,rich,extrinsic,strict,data/results/stacker_training_features.csv
Ablation meta model (Logistic Regression),0.5813155980463472,0.5813152253152254,0.0024637745424263,0.6100848726909636,0.8437769722078371,0.7081492212966316,0.149,0.002,2026-06-03 20-44-06,data/results/stacker_training_features.csv,0.4571723593659224,9623.0,meta_model_richops_intrinsic_only_lr; sklearn v1.8.0,richops,intrinsic_only,operational,data/results/stacker_training_features.csv
Ablation meta model (Gradient Boosting),0.8306141535903564,0.8306133326133326,0.005892627308379,0.820378636293674,0.9200759537372692,0.8673718470301057,5.753,0.011,2026-06-03 20-44-12,data/results/stacker_training_features.csv,0.8890892222043442,9623.0,meta_model_richops_intrinsic_only_gb; sklearn v1.8.0,richops,intrinsic_only,operational,data/results/stacker_training_features.csv
Ablation meta model (Support Vector Machine),0.7915410994492362,0.6772319032319032,0.0069232899250676,0.7954439070057732,0.8800276195408251,0.835600721193247,149.274,6.088,2026-06-03 20-46-48,data/results/stacker_training_features.csv,0.7881029549032573,9623.0,meta_model_richops_intrinsic_only_svm; sklearn v1.8.0,richops,intrinsic_only,operational,data/results/stacker_training_features.csv
Ablation meta model (Multi-layer Perceptron),0.8144029928296789,0.8144026784026783,0.0073732902256284,0.8126072710251209,0.8990160538581046,0.8536305523684642,45.801,0.005,2026-06-03 20-47-33,data/results/stacker_training_features.csv,0.8556783441255968,9623.0,meta_model_richops_intrinsic_only_mlp; sklearn v1.8.0,richops,intrinsic_only,operational,data/results/stacker_training_features.csv
Ablation meta model (Decision Tree),0.8214693962381794,0.8214687474687474,0.0057548241592,0.843765817445588,0.8632832729155878,0.8534129692832765,0.269,0.002,2026-06-03 20-47-34,data/results/stacker_training_features.csv,0.8107836323572295,9623.0,meta_model_richops_intrinsic_only_dt; sklearn v1.8.0,richops,intrinsic_only,operational,data/results/stacker_training_features.csv
Ablation meta model (Logistic Regression),0.6971838304063182,0.6971836271836273,0.0083047064090471,0.6911940496745915,0.8983255653374763,0.7812640744632938,0.453,0.003,2026-06-03 20-47-34,data/results/stacker_training_features.csv,0.6975075708100035,9623.0,meta_model_richops_intrinsic_and_vt_lr; sklearn v1.8.0,richops,intrinsic_and_vt,operational,data/results/stacker_training_features.csv
Ablation meta model (Gradient Boosting),0.8690637015483736,0.869064179064179,0.0028615537704701,0.8585666824869482,0.9368203003625064,0.8959881129271917,6.262,0.011,2026-06-03 20-47-41,data/results/stacker_training_features.csv,0.9374592050638229,9623.0,meta_model_richops_intrinsic_and_vt_gb; sklearn v1.8.0,richops,intrinsic_and_vt,operational,data/results/stacker_training_features.csv
Ablation meta model (Support Vector Machine),0.7501818559700717,0.619973161973162,0.0075601480544997,0.855613850996852,0.7037804246504402,0.7723053608638,166.15,6.858,2026-06-03 20-50-34,data/results/stacker_training_features.csv,0.8498406512947335,9623.0,meta_model_richops_intrinsic_and_vt_svm; sklearn v1.8.0,richops,intrinsic_and_vt,operational,data/results/stacker_training_features.csv
Ablation meta model (Multi-layer Perceptron),0.8596071911046451,0.8596077436077436,0.0062597290011979,0.859036534109279,0.9173139996547556,0.8872193004424409,72.976,0.009,2026-06-03 20-51-47,data/results/stacker_training_features.csv,0.9178708525054322,9623.0,meta_model_richops_intrinsic_and_vt_mlp; sklearn v1.8.0,richops,intrinsic_and_vt,operational,data/results/stacker_training_features.csv
Ablation meta model (Decision Tree),0.8513976930271225,0.8513967653967655,0.0074612364984061,0.8700593723494486,0.8853789055756948,0.8776522929500342,0.41,0.004,2026-06-03 20-51-47,data/results/stacker_training_features.csv,0.842644562019796,9623.0,meta_model_richops_intrinsic_and_vt_dt; sklearn v1.8.0,richops,intrinsic_and_vt,operational,data/results/stacker_training_features.csv
Ablation meta model (Logistic Regression),0.988361217915411,0.9883612063612064,0.0019327121872139,0.9839836428693134,0.9968928016571724,0.9903961584633854,0.352,0.003,2026-06-03 20-51-47,data/results/stacker_training_features.csv,0.993379648346636,9623.0,meta_model_richops_intrinsic_and_tranco_lr; sklearn v1.8.0,richops,intrinsic_and_tranco,operational,data/results/stacker_training_features.csv
Ablation meta model (Gradient Boosting),0.9929335965914996,0.992933768933769,0.0015262498534312,0.9914163090128756,0.9968928016571724,0.9941470132552936,10.014,0.013,2026-06-03 20-51-58,data/results/stacker_training_features.csv,0.9964466207753212,9623.0,meta_model_richops_intrinsic_and_tranco_gb; sklearn v1.8.0,richops,intrinsic_and_tranco,operational,data/results/stacker_training_features.csv
Ablation meta model (Support Vector Machine),0.9891925594928817,0.9891925911925912,0.0017195961863981,0.984335092797548,0.9979285344381148,0.9910852048688495,11.039,0.321,2026-06-03 20-52-09,data/results/stacker_training_features.csv,0.9885967533518216,9623.0,meta_model_richops_intrinsic_and_tranco_svm; sklearn v1.8.0,richops,intrinsic_and_tranco,operational,data/results/stacker_training_features.csv
Ablation meta model (Multi-layer Perceptron),0.9886729710069624,0.9886730566730566,0.0013298558291812,0.9833333333333332,0.998101156568272,0.9906622119420886,13.448,0.008,2026-06-03 20-52-22,data/results/stacker_training_features.csv,0.9942108937634734,9623.0,meta_model_richops_intrinsic_and_tranco_mlp; sklearn v1.8.0,richops,intrinsic_and_tranco,operational,data/results/stacker_training_features.csv
Ablation meta model (Decision Tree),0.988984724098514,0.9889850689850692,0.0022605504385639,0.9908510271016744,0.9908510271016744,0.9908510271016744,0.424,0.003,2026-06-03 20-52-23,data/results/stacker_training_features.csv,0.988506453498618,9623.0,meta_model_richops_intrinsic_and_tranco_dt; sklearn v1.8.0,richops,intrinsic_and_tranco,operational,data/results/stacker_training_features.csv
Ablation meta model (Logistic Regression),0.9861789462745506,0.9861789561789562,0.0020674984956066,0.9794984750931888,0.9979285344381148,0.9886276186404448,0.362,0.004,2026-06-03 20-52-23,data/results/stacker_training_features.csv,0.987504433864766,9623.0,meta_model_richops_extrinsic_lr; sklearn v1.8.0,richops,extrinsic,operational,data/results/stacker_training_features.csv
Ablation meta model (Gradient Boosting),0.9924140081055804,0.9924139104139104,0.0014919508935379,0.9920853406744666,0.9953392024857588,0.9937096079276174,6.983,0.014,2026-06-03 20-52-30,data/results/stacker_training_features.csv,0.9961214782043152,9623.0,meta_model_richops_extrinsic_gb; sklearn v1.8.0,richops,extrinsic,operational,data/results/stacker_training_features.csv
Ablation meta model (Support Vector Machine),0.9858671931829992,0.9857633177633176,0.0019041616744162,0.9801391953827872,0.9967201795270154,0.9883601506333448,18.37,0.348,2026-06-03 20-52-49,data/results/stacker_training_features.csv,0.9888980308006556,9623.0,meta_model_richops_extrinsic_svm; sklearn v1.8.0,richops,extrinsic,operational,data/results/stacker_training_features.csv
Ablation meta model (Multi-layer Perceptron),0.9861789462745506,0.986179064179064,0.0018750644085752,0.9798236690403528,0.9975832901778008,0.9886237276537508,14.15,0.01,2026-06-03 20-53-03,data/results/stacker_training_features.csv,0.9884941040302986,9623.0,meta_model_richops_extrinsic_mlp; sklearn v1.8.0,richops,extrinsic,operational,data/results/stacker_training_features.csv
Ablation meta model (Decision Tree),0.9929335965914996,0.992933390933391,0.0013398534444739,0.9958427160921532,0.9924046262730882,0.9941206985993428,0.411,0.006,2026-06-03 20-53-04,data/results/stacker_training_features.csv,0.992829804044586,9623.0,meta_model_richops_extrinsic_dt; sklearn v1.8.0,richops,extrinsic,operational,data/results/stacker_training_features.csv
Ablation meta model (CatBoost),0.8297828120128858,0.8297821097821098,0.0038292608401651,0.8235477339978197,0.9128258242706716,0.8658915998035042,51.771,0.006,2026-06-03 23-15-49,data/results/stacker_training_features_4signal.csv,0.8985547967092724,9623.0,meta_model_4sig_intrinsic_only_cb; sklearn v1.8.0,4sig,intrinsic_only,strict,data/results/stacker_training_features_4signal.csv
Ablation meta model (XGBoost),0.8269770341889223,0.8269766989766989,0.0054891435668472,0.8281399046104928,0.8991886759882617,0.8622030952578003,1.48,0.009,2026-06-03 23-15-51,data/results/stacker_training_features_4signal.csv,0.8930331646323847,9623.0,meta_model_4sig_intrinsic_only_xgb; sklearn v1.8.0,4sig,intrinsic_only,strict,data/results/stacker_training_features_4signal.csv
Ablation meta model (CatBoost),0.8718694793723372,0.8718693738693739,0.0023428047589756,0.8669134213067268,0.929915415156223,0.8973099025568418,63.566,0.007,2026-06-03 23-16-54,data/results/stacker_training_features_4signal.csv,0.9397903700288318,9623.0,meta_model_4sig_intrinsic_and_vt_cb; sklearn v1.8.0,4sig,intrinsic_and_vt,strict,data/results/stacker_training_features_4signal.csv
Ablation meta model (XGBoost),0.8670892653018809,0.8670896130896131,0.0050534067694376,0.8665151023059435,0.9211116865182116,0.892979666973475,1.78,0.011,2026-06-03 23-16-56,data/results/stacker_training_features_4signal.csv,0.9372896703007456,9623.0,meta_model_4sig_intrinsic_and_vt_xgb; sklearn v1.8.0,4sig,intrinsic_and_vt,strict,data/results/stacker_training_features_4signal.csv
Ablation meta model (CatBoost),0.9919983373168452,0.991998325998326,0.0010180710308225,0.9902229845626072,0.9965475573968584,0.99337520433623,69.069,0.01,2026-06-03 23-18-05,data/results/stacker_training_features_4signal.csv,0.9974686294208504,9623.0,meta_model_4sig_intrinsic_and_tranco_cb; sklearn v1.8.0,4sig,intrinsic_and_tranco,strict,data/results/stacker_training_features_4signal.csv
Ablation meta model (XGBoost),0.9923100904083966,0.9923100683100684,0.0015897296589742,0.9912386187940216,0.996029691006387,0.9936283795419322,2.259,0.02,2026-06-03 23-18-08,data/results/stacker_training_features_4signal.csv,0.9974731365260766,9623.0,meta_model_4sig_intrinsic_and_tranco_xgb; sklearn v1.8.0,4sig,intrinsic_and_tranco,strict,data/results/stacker_training_features_4signal.csv
Ablation meta model (CatBoost),0.9894003948872492,0.9894005454005452,0.0028564635626704,0.9879951980792316,0.9944760918349732,0.9912250516173434,63.035,0.007,2026-06-03 23-19-11,data/results/stacker_training_features_4signal.csv,0.9972354092609294,9623.0,meta_model_4sig_extrinsic_cb; sklearn v1.8.0,4sig,extrinsic,strict,data/results/stacker_training_features_4signal.csv
Ablation meta model (XGBoost),0.9891925594928817,0.9891927531927532,0.0027756766433318,0.9873222545828336,0.9948213360952874,0.9910576096302666,1.337,0.013,2026-06-03 23-19-12,data/results/stacker_training_features_4signal.csv,0.9976976579729112,9623.0,meta_model_4sig_extrinsic_xgb; sklearn v1.8.0,4sig,extrinsic,strict,data/results/stacker_training_features_4signal.csv
Ablation meta model (CatBoost),0.9937649381689702,0.9937648297648298,0.0012730804991713,0.9921030042918456,0.9975832901778008,0.9948355999311412,64.989,0.009,2026-06-03 23-20-17,data/results/stacker_training_features_4signal.csv,0.9985840478221892,9623.0,meta_model_4sig_all_signals_cb; sklearn v1.8.0,4sig,all_signals,strict,data/results/stacker_training_features_4signal.csv
Ablation meta model (XGBoost),0.9933492673802348,0.9933492993492994,0.0012028021824093,0.9922667124935556,0.9967201795270154,0.9944884602135722,2.091,0.013,2026-06-03 23-20-19,data/results/stacker_training_features_4signal.csv,0.99823202036851,9623.0,meta_model_4sig_all_signals_xgb; sklearn v1.8.0,4sig,all_signals,strict,data/results/stacker_training_features_4signal.csv
Ablation meta model (CatBoost),0.8297828120128858,0.8297821097821098,0.0038292608401651,0.8235477339978197,0.9128258242706716,0.8658915998035042,73.13,0.007,2026-06-03 23-21-33,data/results/stacker_training_features.csv,0.8985547967092724,9623.0,meta_model_rich_intrinsic_only_cb; sklearn v1.8.0,rich,intrinsic_only,strict,data/results/stacker_training_features.csv
Ablation meta model (XGBoost),0.8269770341889223,0.8269766989766989,0.0054891435668472,0.8281399046104928,0.8991886759882617,0.8622030952578003,1.976,0.018,2026-06-03 23-21-35,data/results/stacker_training_features.csv,0.8930331646323847,9623.0,meta_model_rich_intrinsic_only_xgb; sklearn v1.8.0,rich,intrinsic_only,strict,data/results/stacker_training_features.csv
Ablation meta model (CatBoost),0.8736360802244623,0.8736360396360396,0.001843922665906,0.8676305220883535,0.9323321249784222,0.8988184390081544,67.111,0.009,2026-06-03 23-22-42,data/results/stacker_training_features.csv,0.9422141334707098,9623.0,meta_model_rich_intrinsic_and_vt_cb; sklearn v1.8.0,rich,intrinsic_and_vt,strict,data/results/stacker_training_features.csv
Ablation meta model (XGBoost),0.8687519484568222,0.8687519507519508,0.0035336579482174,0.8659127625201939,0.9252546176419816,0.8946006843027623,2.302,0.013,2026-06-03 23-22-44,data/results/stacker_training_features.csv,0.9389498625107552,9623.0,meta_model_rich_intrinsic_and_vt_xgb; sklearn v1.8.0,rich,intrinsic_and_vt,strict,data/results/stacker_training_features.csv
Ablation meta model (CatBoost),0.9931414319858672,0.9931413991413992,0.0008315959295035,0.9914192551913508,0.9972380459174868,0.9943201376936316,71.543,0.011,2026-06-03 23-23-56,data/results/stacker_training_features.csv,0.997593881875082,9623.0,meta_model_rich_intrinsic_and_tranco_cb; sklearn v1.8.0,rich,intrinsic_and_tranco,strict,data/results/stacker_training_features.csv
Ablation meta model (XGBoost),0.9929335965914996,0.992933498933499,0.001695332829685,0.9919230108266024,0.9963749352667012,0.9941439889769204,2.445,0.02,2026-06-03 23-23-58,data/results/stacker_training_features.csv,0.9978616264610346,9623.0,meta_model_rich_intrinsic_and_tranco_xgb; sklearn v1.8.0,rich,intrinsic_and_tranco,strict,data/results/stacker_training_features.csv
Ablation meta model (CatBoost),0.9908552426478228,0.9908550908550908,0.0021453241602021,0.989363527191628,0.9955118246159158,0.992428153501979,67.164,0.009,2026-06-03 23-25-06,data/results/stacker_training_features.csv,0.9978918916726272,9623.0,meta_model_rich_extrinsic_cb; sklearn v1.8.0,rich,extrinsic,strict,data/results/stacker_training_features.csv
Ablation meta model (XGBoost),0.9915826665281098,0.9915826875826876,0.0027179138737068,0.9895440521083304,0.9965475573968584,0.9930334566096156,2.033,0.014,2026-06-03 23-25-08,data/results/stacker_training_features.csv,0.9982120538923588,9623.0,meta_model_rich_extrinsic_xgb; sklearn v1.8.0,rich,extrinsic,strict,data/results/stacker_training_features.csv
Ablation meta model (CatBoost),0.9936610204717864,0.9936609336609336,0.0012031706334837,0.9915951972555748,0.9979285344381148,0.9947517852533768,68.306,0.01,2026-06-03 23-26-16,data/results/stacker_training_features.csv,0.9984788069151614,9623.0,meta_model_rich_all_signals_cb; sklearn v1.8.0,rich,all_signals,strict,data/results/stacker_training_features.csv
Ablation meta model (XGBoost),0.993245349683051,0.9932452952452951,0.0015060830517159,0.9919271727928548,0.9968928016571724,0.9944037882049076,2.287,0.017,2026-06-03 23-26-19,data/results/stacker_training_features.csv,0.998542807809371,9623.0,meta_model_rich_all_signals_xgb; sklearn v1.8.0,rich,all_signals,strict,data/results/stacker_training_features.csv
Ablation meta model (CatBoost),0.8297828120128858,0.8297821097821098,0.0038292608401651,0.8235477339978197,0.9128258242706716,0.8658915998035042,71.609,0.009,2026-06-03 23-27-30,data/results/stacker_training_features.csv,0.8985547967092724,9623.0,meta_model_richops_intrinsic_only_cb; sklearn v1.8.0,richops,intrinsic_only,operational,data/results/stacker_training_features.csv
Ablation meta model (XGBoost),0.8269770341889223,0.8269766989766989,0.0054891435668472,0.8281399046104928,0.8991886759882617,0.8622030952578003,2.146,0.014,2026-06-03 23-27-33,data/results/stacker_training_features.csv,0.8930331646323847,9623.0,meta_model_richops_intrinsic_only_xgb; sklearn v1.8.0,richops,intrinsic_only,operational,data/results/stacker_training_features.csv
Ablation meta model (CatBoost),0.8738439156188299,0.8738437238437239,0.0025839546987896,0.8675549847487558,0.9328499913688936,0.8990184661454002,71.238,0.009,2026-06-03 23-28-44,data/results/stacker_training_features.csv,0.942372738503614,9623.0,meta_model_richops_intrinsic_and_vt_cb; sklearn v1.8.0,richops,intrinsic_and_vt,operational,data/results/stacker_training_features.csv
Ablation meta model (XGBoost),0.8687519484568222,0.8687519507519508,0.0035336579482174,0.8659127625201939,0.9252546176419816,0.8946006843027623,1.851,0.014,2026-06-03 23-28-46,data/results/stacker_training_features.csv,0.9389498625107552,9623.0,meta_model_richops_intrinsic_and_vt_xgb; sklearn v1.8.0,richops,intrinsic_and_vt,operational,data/results/stacker_training_features.csv
Ablation meta model (CatBoost),0.9930375142886834,0.993037503037503,0.0009637041234374,0.991080617495712,0.9974106680476436,0.9942355674094469,76.218,0.011,2026-06-03 23-30-02,data/results/stacker_training_features.csv,0.9976771281086068,9623.0,meta_model_richops_intrinsic_and_tranco_cb; sklearn v1.8.0,richops,intrinsic_and_tranco,operational,data/results/stacker_training_features.csv
Ablation meta model (XGBoost),0.9929335965914996,0.992933498933499,0.001695332829685,0.9919230108266024,0.9963749352667012,0.9941439889769204,1.969,0.012,2026-06-03 23-30-04,data/results/stacker_training_features.csv,0.9979267315960246,9623.0,meta_model_richops_intrinsic_and_tranco_xgb; sklearn v1.8.0,richops,intrinsic_and_tranco,operational,data/results/stacker_training_features.csv
Ablation meta model (CatBoost),0.9908552426478228,0.9908550908550908,0.0021453241602021,0.989363527191628,0.9955118246159158,0.992428153501979,68.565,0.017,2026-06-03 23-31-13,data/results/stacker_training_features.csv,0.9978612658926164,9623.0,meta_model_richops_extrinsic_cb; sklearn v1.8.0,richops,extrinsic,operational,data/results/stacker_training_features.csv
Ablation meta model (XGBoost),0.991478748830926,0.9914787914787914,0.002819220739964,0.989542259557689,0.9963749352667012,0.9929468432822984,2.575,0.019,2026-06-03 23-31-16,data/results/stacker_training_features.csv,0.998224786464622,9623.0,meta_model_richops_extrinsic_xgb; sklearn v1.8.0,richops,extrinsic,operational,data/results/stacker_training_features.csv
Ablation meta model (CatBoost),0.9933492673802348,0.9933491373491372,0.0013312709812307,0.9915908700875236,0.9974106680476436,0.9944922547332186,65.267,0.009,2026-06-03 23-32-21,data/results/stacker_training_features.csv,0.9985701208670408,9623.0,meta_model_richops_all_signals_cb; sklearn v1.8.0,richops,all_signals,operational,data/results/stacker_training_features.csv
Ablation meta model (XGBoost),0.993245349683051,0.9932452952452951,0.0015060830517159,0.9919271727928548,0.9968928016571724,0.9944037882049076,2.279,0.015,2026-06-03 23-32-23,data/results/stacker_training_features.csv,0.9985254329187248,9623.0,meta_model_richops_all_signals_xgb; sklearn v1.8.0,richops,all_signals,operational,data/results/stacker_training_features.csv
Ablation meta model (Logistic Regression),0.9885690533097786,0.9885691065691068,0.0021791261010029,0.9843190727799556,0.9968928016571724,0.9905660377358492,0.194,0.002,2026-06-04 00-55-17,data/results/stacker_training_features_4signal.csv,0.9932159052137742,9623.0,meta_model_4sig_all_signals_lr; sklearn v1.8.0,4sig,all_signals,strict,data/results/stacker_training_features_4signal.csv
Ablation meta model (Gradient Boosting),0.9934531850774186,0.9934534114534116,0.0011179026124252,0.99159231297186,0.9975832901778008,0.9945787797951984,6.837,0.012,2026-06-04 00-55-24,data/results/stacker_training_features_4signal.csv,0.997890291650272,9623.0,meta_model_4sig_all_signals_gb; sklearn v1.8.0,4sig,all_signals,strict,data/results/stacker_training_features_4signal.csv
Ablation meta model (Support Vector Machine),0.988984724098514,0.9891926451926452,0.0013298893094515,0.9841648220670868,0.997755912307958,0.9909137665009428,7.895,0.235,2026-06-04 00-55-32,data/results/stacker_training_features_4signal.csv,0.9919016784009153,9623.0,meta_model_4sig_all_signals_svm; sklearn v1.8.0,4sig,all_signals,strict,data/results/stacker_training_features_4signal.csv
Ablation meta model (Multi-layer Perceptron),0.9886729710069624,0.9886731106731108,0.0014460839359634,0.9834977883633887,0.9979285344381148,0.99066061177277,8.228,0.005,2026-06-04 00-55-41,data/results/stacker_training_features_4signal.csv,0.99446545506664,9623.0,meta_model_4sig_all_signals_mlp; sklearn v1.8.0,4sig,all_signals,strict,data/results/stacker_training_features_4signal.csv
Ablation meta model (Decision Tree),0.9881533825210432,0.9881537381537384,0.0019251202229295,0.9906687402799378,0.9896426721905748,0.9901554404145078,0.214,0.002,2026-06-04 00-55-41,data/results/stacker_training_features_4signal.csv,0.987771727740196,9623.0,meta_model_4sig_all_signals_dt; sklearn v1.8.0,4sig,all_signals,strict,data/results/stacker_training_features_4signal.csv
Ablation meta model (Logistic Regression),0.9897121479788008,0.9897120717120718,0.0024458061848367,0.9866666666666668,0.9963749352667012,0.9914970368461736,0.26,0.002,2026-06-04 00-55-41,data/results/stacker_training_features.csv,0.9955243994394964,9623.0,meta_model_rich_all_signals_lr; sklearn v1.8.0,rich,all_signals,strict,data/results/stacker_training_features.csv
Ablation meta model (Gradient Boosting),0.9930375142886834,0.9930376110376112,0.0012551590877586,0.9914177823549604,0.9970654237873297,0.99423358292452,7.758,0.01,2026-06-04 00-55-49,data/results/stacker_training_features.csv,0.997706536970207,9623.0,meta_model_rich_all_signals_gb; sklearn v1.8.0,rich,all_signals,strict,data/results/stacker_training_features.csv
Ablation meta model (Support Vector Machine),0.9898160656759846,0.9902317682317682,0.0015891901907148,0.9856728637216442,0.9975832901778008,0.99159231297186,8.844,0.258,2026-06-04 00-55-58,data/results/stacker_training_features.csv,0.9925166729090074,9623.0,meta_model_rich_all_signals_svm; sklearn v1.8.0,rich,all_signals,strict,data/results/stacker_training_features.csv
Ablation meta model (Multi-layer Perceptron),0.9900239010703524,0.990023868023868,0.0016560401055502,0.9855121868075678,0.998101156568272,0.9917667238421956,11.44,0.006,2026-06-04 00-56-10,data/results/stacker_training_features.csv,0.9960820184980612,9623.0,meta_model_rich_all_signals_mlp; sklearn v1.8.0,rich,all_signals,strict,data/results/stacker_training_features.csv
Ablation meta model (Decision Tree),0.9891925594928817,0.9891926991926993,0.0012016090754181,0.9913629296942476,0.9906784049715174,0.9910205491279572,0.313,0.002,2026-06-04 00-56-10,data/results/stacker_training_features.csv,0.9888117873421556,9623.0,meta_model_rich_all_signals_dt; sklearn v1.8.0,rich,all_signals,strict,data/results/stacker_training_features.csv
Ablation meta model (Logistic Regression),0.9897121479788008,0.9897120717120718,0.0024458061848367,0.9866666666666668,0.9963749352667012,0.9914970368461736,0.338,0.003,2026-06-04 00-56-10,data/results/stacker_training_features.csv,0.9955351263499342,9623.0,meta_model_richops_all_signals_lr; sklearn v1.8.0,richops,all_signals,operational,data/results/stacker_training_features.csv
Ablation meta model (Gradient Boosting),0.9929335965914996,0.992933714933715,0.001211280236681,0.9912476402951776,0.9970654237873297,0.9941480206540448,8.458,0.013,2026-06-04 00-56-19,data/results/stacker_training_features.csv,0.9977073482491472,9623.0,meta_model_richops_all_signals_gb; sklearn v1.8.0,richops,all_signals,operational,data/results/stacker_training_features.csv
Ablation meta model (Support Vector Machine),0.9897121479788008,0.9903357183357184,0.0015615506882245,0.9858361774744028,0.9972380459174868,0.9915043336479876,9.116,0.25,2026-06-04 00-56-28,data/results/stacker_training_features.csv,0.9924345985228412,9623.0,meta_model_richops_all_signals_svm; sklearn v1.8.0,richops,all_signals,operational,data/results/stacker_training_features.csv
Ablation meta model (Multi-layer Perceptron),0.9903356541619036,0.9903356103356104,0.0018471604860218,0.9860163710777626,0.998101156568272,0.9920219610534444,14.599,0.007,2026-06-04 00-56-43,data/results/stacker_training_features.csv,0.9961421432817764,9623.0,meta_model_richops_all_signals_mlp; sklearn v1.8.0,richops,all_signals,operational,data/results/stacker_training_features.csv
Ablation meta model (Decision Tree),0.9890886417956978,0.989088749088749,0.0008680340464091,0.9911917098445596,0.9906784049715174,0.9909349909349908,0.362,0.003,2026-06-04 00-56-43,data/results/stacker_training_features.csv,0.9886812390392836,9623.0,meta_model_richops_all_signals_dt; sklearn v1.8.0,richops,all_signals,operational,data/results/stacker_training_features.csv
Ablation meta model (Logistic Regression),0.5658318611659565,0.5658310338310338,0.0077215814205974,0.6037251123956326,0.8113240117383048,0.6922963617616733,0.15,0.002,2026-06-04 00-57-46,data/results/stacker_training_features_4signal.csv,0.4781241788617666,9623.0,meta_model_4sig_bert_vt_lr; sklearn v1.8.0,4sig,bert_vt,strict,data/results/stacker_training_features_4signal.csv
Ablation meta model (Gradient Boosting),0.7426997817728359,0.7427000567000567,0.0049522004390026,0.7565351894818252,0.8442948385983083,0.798009463207701,2.991,0.009,2026-06-04 00-57-49,data/results/stacker_training_features_4signal.csv,0.8243184242799562,9623.0,meta_model_4sig_bert_vt_gb; sklearn v1.8.0,4sig,bert_vt,strict,data/results/stacker_training_features_4signal.csv
Ablation meta model (Support Vector Machine),0.7146420035332017,0.712044334044334,0.0066294445081198,0.683797804318977,0.9784222337303642,0.8049992898735975,135.066,5.079,2026-06-04 01-00-10,data/results/stacker_training_features_4signal.csv,0.7866082635971477,9623.0,meta_model_4sig_bert_vt_svm; sklearn v1.8.0,4sig,bert_vt,strict,data/results/stacker_training_features_4signal.csv
Ablation meta model (Multi-layer Perceptron),0.7318923412657176,0.73189361989362,0.0112185182477434,0.7257905832747716,0.8914206801311928,0.8001239541369694,98.413,0.006,2026-06-04 01-01-48,data/results/stacker_training_features_4signal.csv,0.8148094914227532,9623.0,meta_model_4sig_bert_vt_mlp; sklearn v1.8.0,4sig,bert_vt,strict,data/results/stacker_training_features_4signal.csv
Ablation meta model (Decision Tree),0.7132910734698119,0.7132910872910874,0.0129825023756127,0.7960577673692428,0.7041256689107543,0.7472748923696987,0.16,0.002,2026-06-04 01-01-48,data/results/stacker_training_features_4signal.csv,0.7961623576487152,9623.0,meta_model_4sig_bert_vt_dt; sklearn v1.8.0,4sig,bert_vt,strict,data/results/stacker_training_features_4signal.csv
Ablation meta model (CatBoost),0.7429076171672035,0.7429082269082269,0.0053651675057988,0.7546417063065828,0.8489556361125496,0.7990251827782291,73.568,0.008,2026-06-04 01-03-02,data/results/stacker_training_features_4signal.csv,0.8236398345171244,9623.0,meta_model_4sig_bert_vt_cb; sklearn v1.8.0,4sig,bert_vt,strict,data/results/stacker_training_features_4signal.csv
Ablation meta model (XGBoost),0.7416606048009976,0.7416610416610416,0.0044737234771835,0.758723204506337,0.8370447091317107,0.7959619172685489,2.493,0.011,2026-06-04 01-03-04,data/results/stacker_training_features_4signal.csv,0.8219378614416697,9623.0,meta_model_4sig_bert_vt_xgb; sklearn v1.8.0,4sig,bert_vt,strict,data/results/stacker_training_features_4signal.csv
Ablation meta model (Logistic Regression),0.9879455471266756,0.987945675945676,0.0020618074770627,0.9831489361702128,0.9970654237873297,0.9900582790538224,0.28,0.002,2026-06-04 01-03-05,data/results/stacker_training_features_4signal.csv,0.9931404562722906,9623.0,meta_model_4sig_bert_tranco_lr; sklearn v1.8.0,4sig,bert_tranco,strict,data/results/stacker_training_features_4signal.csv
Ablation meta model (Gradient Boosting),0.9924140081055804,0.9924141804141804,0.0013377367078813,0.9910714285714286,0.9963749352667012,0.9937161057071532,4.831,0.012,2026-06-04 01-03-10,data/results/stacker_training_features_4signal.csv,0.9962824945385153,9623.0,meta_model_4sig_bert_tranco_gb; sklearn v1.8.0,4sig,bert_tranco,strict,data/results/stacker_training_features_4signal.csv
Ablation meta model (Support Vector Machine),0.9879455471266756,0.98804968004968,0.0019702101608073,0.9834781127576222,0.9967201795270154,0.9900548696844992,7.55,0.273,2026-06-04 01-03-17,data/results/stacker_training_features_4signal.csv,0.9901137548287998,9623.0,meta_model_4sig_bert_tranco_svm; sklearn v1.8.0,4sig,bert_tranco,strict,data/results/stacker_training_features_4signal.csv
Ablation meta model (Multi-layer Perceptron),0.9878416294294918,0.9878417798417798,0.0019319485340615,0.9829816201497618,0.9970654237873297,0.9899734338846516,7.489,0.006,2026-06-04 01-03-25,data/results/stacker_training_features_4signal.csv,0.9931870146692752,9623.0,meta_model_4sig_bert_tranco_mlp; sklearn v1.8.0,4sig,bert_tranco,strict,data/results/stacker_training_features_4signal.csv
Ablation meta model (Decision Tree),0.9892964771900654,0.9892965952965952,0.0018761581746962,0.9915342087076712,0.9906784049715174,0.9911061220965376,0.203,0.002,2026-06-04 01-03-25,data/results/stacker_training_features_4signal.csv,0.9890963434306012,9623.0,meta_model_4sig_bert_tranco_dt; sklearn v1.8.0,4sig,bert_tranco,strict,data/results/stacker_training_features_4signal.csv
Ablation meta model (CatBoost),0.9919983373168452,0.991998217998218,0.0009068868875393,0.98971898560658,0.9970654237873297,0.9933786224094936,72.139,0.008,2026-06-04 01-04-37,data/results/stacker_training_features_4signal.csv,0.996291598891072,9623.0,meta_model_4sig_bert_tranco_cb; sklearn v1.8.0,4sig,bert_tranco,strict,data/results/stacker_training_features_4signal.csv
Ablation meta model (XGBoost),0.9908552426478228,0.9908551988551988,0.0020679473541423,0.9896995708154508,0.9951665803556016,0.992425546565674,2.306,0.011,2026-06-04 01-04-40,data/results/stacker_training_features_4signal.csv,0.9973422276547864,9623.0,meta_model_4sig_bert_tranco_xgb; sklearn v1.8.0,4sig,bert_tranco,strict,data/results/stacker_training_features_4signal.csv
Ablation meta model (Logistic Regression),0.4238802868128442,0.4238709938709938,0.0778664402295664,0.5271893426512338,0.4167098221992059,0.4654839953721558,0.199,0.003,2026-06-04 01-04-40,data/results/stacker_training_features_4signal.csv,0.4439805130798447,9623.0,meta_model_4sig_cb_vt_lr; sklearn v1.8.0,4sig,cb_vt,strict,data/results/stacker_training_features_4signal.csv
Ablation meta model (Gradient Boosting),0.8619972981398732,0.8619976779976781,0.0027219991399145,0.8520738053934711,0.9326773692387365,0.8905554639854953,4.502,0.012,2026-06-04 01-04-45,data/results/stacker_training_features_4signal.csv,0.9272918066686228,9623.0,meta_model_4sig_cb_vt_gb; sklearn v1.8.0,4sig,cb_vt,strict,data/results/stacker_training_features_4signal.csv
Ablation meta model (Support Vector Machine),0.8189753715057674,0.6353515673515673,0.010726925478822,0.821151101950214,0.8940100120835491,0.8560330578512396,142.624,4.576,2026-06-04 01-07-12,data/results/stacker_training_features_4signal.csv,0.8257750981534842,9623.0,meta_model_4sig_cb_vt_svm; sklearn v1.8.0,4sig,cb_vt,strict,data/results/stacker_training_features_4signal.csv
Ablation meta model (Multi-layer Perceptron),0.8449547958017251,0.844954504954505,0.0023563479799609,0.8420550341975505,0.913861557051614,0.8764900662251656,63.6,0.006,2026-06-04 01-08-15,data/results/stacker_training_features_4signal.csv,0.9066922850527714,9623.0,meta_model_4sig_cb_vt_mlp; sklearn v1.8.0,4sig,cb_vt,strict,data/results/stacker_training_features_4signal.csv
Ablation meta model (Decision Tree),0.8881845578301985,0.8881844641844641,0.0025999908091763,0.8979247511388561,0.9186949766960124,0.9081911262798636,0.207,0.002,2026-06-04 01-08-16,data/results/stacker_training_features_4signal.csv,0.8818128613853309,9623.0,meta_model_4sig_cb_vt_dt; sklearn v1.8.0,4sig,cb_vt,strict,data/results/stacker_training_features_4signal.csv
Ablation meta model (CatBoost),0.8574249194637846,0.8574253314253314,0.0024258700746225,0.8528332003192338,0.9223200414293112,0.8862166196715874,73.785,0.008,2026-06-04 01-09-30,data/results/stacker_training_features_4signal.csv,0.9329180937288588,9623.0,meta_model_4sig_cb_vt_cb; sklearn v1.8.0,4sig,cb_vt,strict,data/results/stacker_training_features_4signal.csv
Ablation meta model (XGBoost),0.8603346149849319,0.8603350703350703,0.0041066096889562,0.8580395943988411,0.9202485758674264,0.888055972013993,2.271,0.024,2026-06-04 01-09-32,data/results/stacker_training_features_4signal.csv,0.9311678270209072,9623.0,meta_model_4sig_cb_vt_xgb; sklearn v1.8.0,4sig,cb_vt,strict,data/results/stacker_training_features_4signal.csv
Ablation meta model (Logistic Regression),0.9845162631196092,0.9845160785160786,0.0014492730266055,0.9794427454977914,0.9951665803556016,0.9872420583954106,0.286,0.002,2026-06-04 01-09-32,data/results/stacker_training_features_4signal.csv,0.9886343426094066,9623.0,meta_model_4sig_cb_tranco_lr; sklearn v1.8.0,4sig,cb_tranco,strict,data/results/stacker_training_features_4signal.csv
Ablation meta model (Gradient Boosting),0.9917905019224774,0.9917908577908576,0.0015184295761471,0.9903879162375556,0.996029691006387,0.9932007918065238,5.544,0.012,2026-06-04 01-09-38,data/results/stacker_training_features_4signal.csv,0.9967493404978276,9623.0,meta_model_4sig_cb_tranco_gb; sklearn v1.8.0,4sig,cb_tranco,strict,data/results/stacker_training_features_4signal.csv
Ablation meta model (Support Vector Machine),0.9866985347604698,0.9863868023868024,0.0013703161145205,0.9787054250464764,0.999654755739686,0.989069171648164,10.394,0.518,2026-06-04 01-09-49,data/results/stacker_training_features_4signal.csv,0.9872364639235524,9623.0,meta_model_4sig_cb_tranco_svm; sklearn v1.8.0,4sig,cb_tranco,strict,data/results/stacker_training_features_4signal.csv
Ablation meta model (Multi-layer Perceptron),0.9868024524576536,0.9868025488025488,0.0012544109518288,0.9788708586883028,0.999654755739686,0.9891536424972244,16.622,0.005,2026-06-04 01-10-05,data/results/stacker_training_features_4signal.csv,0.9937488704067527,9623.0,meta_model_4sig_cb_tranco_mlp; sklearn v1.8.0,4sig,cb_tranco,strict,data/results/stacker_training_features_4signal.csv
Ablation meta model (Decision Tree),0.988984724098514,0.988985068985069,0.001749075311542,0.9901741079124288,0.9915415156223027,0.99085734000345,0.23,0.002,2026-06-04 01-10-06,data/results/stacker_training_features_4signal.csv,0.9883295045474436,9623.0,meta_model_4sig_cb_tranco_dt; sklearn v1.8.0,4sig,cb_tranco,strict,data/results/stacker_training_features_4signal.csv
Ablation meta model (CatBoost),0.9925179258027642,0.9925184005184006,0.0019864075991503,0.9909044105028316,0.9967201795270154,0.9938037865748708,74.491,0.008,2026-06-04 01-11-20,data/results/stacker_training_features_4signal.csv,0.9973117821589844,9623.0,meta_model_4sig_cb_tranco_cb; sklearn v1.8.0,4sig,cb_tranco,strict,data/results/stacker_training_features_4signal.csv
Ablation meta model (XGBoost),0.9925179258027642,0.9925182925182924,0.0016612107010488,0.9910729613733904,0.9965475573968584,0.9938027199173696,2.645,0.012,2026-06-04 01-11-23,data/results/stacker_training_features_4signal.csv,0.9969880367905986,9623.0,meta_model_4sig_cb_tranco_xgb; sklearn v1.8.0,4sig,cb_tranco,strict,data/results/stacker_training_features_4signal.csv
Ablation meta model (Logistic Regression),0.694274134885171,0.6942738882738884,0.0114149266064391,0.6884834060557979,0.8988434317279476,0.7797244684037137,0.267,0.003,2026-06-04 01-31-29,data/results/stacker_training_features.csv,0.6837608773350748,9623.0,meta_model_rich_bert_vt_lr; sklearn v1.8.0,rich,bert_vt,strict,data/results/stacker_training_features.csv
Ablation meta model (Gradient Boosting),0.74633690117427,0.7463370683370684,0.00602057308386,0.756034219370608,0.8543069221474193,0.8021719750384958,3.422,0.01,2026-06-04 01-31-32,data/results/stacker_training_features.csv,0.827660600553743,9623.0,meta_model_rich_bert_vt_gb; sklearn v1.8.0,rich,bert_vt,strict,data/results/stacker_training_features.csv
Ablation meta model (Support Vector Machine),0.718071287540268,0.7240988740988741,0.009174385101843,0.6907829534192269,0.9625409977559124,0.804327443202308,131.359,6.553,2026-06-04 01-33-50,data/results/stacker_training_features.csv,0.7928307730722096,9623.0,meta_model_rich_bert_vt_svm; sklearn v1.8.0,rich,bert_vt,strict,data/results/stacker_training_features.csv
Ablation meta model (Multi-layer Perceptron),0.7226436662163567,0.7226441666441666,0.0071694425804121,0.6903021442495126,0.97807698947005,0.8093707592314835,36.804,0.006,2026-06-04 01-34-27,data/results/stacker_training_features.csv,0.8170843851790155,9623.0,meta_model_rich_bert_vt_mlp; sklearn v1.8.0,rich,bert_vt,strict,data/results/stacker_training_features.csv
Ablation meta model (Decision Tree),0.7142263327444663,0.7142262062262063,0.0131452087434771,0.7959540945341373,0.7063697566027964,0.7484909456740443,0.172,0.003,2026-06-04 01-34-27,data/results/stacker_training_features.csv,0.7971631378286299,9623.0,meta_model_rich_bert_vt_dt; sklearn v1.8.0,rich,bert_vt,strict,data/results/stacker_training_features.csv
Ablation meta model (CatBoost),0.745089888808064,0.7450903150903152,0.0054360048036206,0.7551955990220048,0.8530985672363197,0.8011672205560509,73.701,0.011,2026-06-04 01-35-41,data/results/stacker_training_features.csv,0.8263270382594641,9623.0,meta_model_rich_bert_vt_cb; sklearn v1.8.0,rich,bert_vt,strict,data/results/stacker_training_features.csv
Ablation meta model (XGBoost),0.7426997817728359,0.7427001107001107,0.0051213335849859,0.7592621541347506,0.8384256861729674,0.7968826907301066,2.119,0.021,2026-06-04 01-35-43,data/results/stacker_training_features.csv,0.8231223737661237,9623.0,meta_model_rich_bert_vt_xgb; sklearn v1.8.0,rich,bert_vt,strict,data/results/stacker_training_features.csv
Ablation meta model (Logistic Regression),0.9878416294294918,0.9878417258417258,0.0019599093532767,0.9829816201497618,0.9970654237873297,0.9899734338846516,0.327,0.003,2026-06-04 01-35-44,data/results/stacker_training_features.csv,0.9931685806089008,9623.0,meta_model_rich_bert_tranco_lr; sklearn v1.8.0,rich,bert_tranco,strict,data/results/stacker_training_features.csv
Ablation meta model (Gradient Boosting),0.9935571027746024,0.9935573075573074,0.000962346026813,0.9936261843238589,0.9956844467460728,0.9946542507328848,6.924,0.01,2026-06-04 01-35-51,data/results/stacker_training_features.csv,0.9963781127758856,9623.0,meta_model_rich_bert_tranco_gb; sklearn v1.8.0,rich,bert_tranco,strict,data/results/stacker_training_features.csv
Ablation meta model (Support Vector Machine),0.9878416294294918,0.987945675945676,0.0020618074770627,0.9833106267029972,0.9967201795270154,0.9899699957136734,7.591,0.246,2026-06-04 01-35-58,data/results/stacker_training_features.csv,0.9894760895814206,9623.0,meta_model_rich_bert_tranco_svm; sklearn v1.8.0,rich,bert_tranco,strict,data/results/stacker_training_features.csv
Ablation meta model (Multi-layer Perceptron),0.9879455471266756,0.987945675945676,0.0016550748715628,0.982656010882503,0.9975832901778008,0.990063388727086,9.758,0.006,2026-06-04 01-36-08,data/results/stacker_training_features.csv,0.9932006711981104,9623.0,meta_model_rich_bert_tranco_mlp; sklearn v1.8.0,rich,bert_tranco,strict,data/results/stacker_training_features.csv
Ablation meta model (Decision Tree),0.9909591603450068,0.9909592029592028,0.0008438728681372,0.9925759668508288,0.9924046262730882,0.9924902891670264,0.33,0.002,2026-06-04 01-36-09,data/results/stacker_training_features.csv,0.9905847698604464,9623.0,meta_model_rich_bert_tranco_dt; sklearn v1.8.0,rich,bert_tranco,strict,data/results/stacker_training_features.csv
Ablation meta model (CatBoost),0.9929335965914996,0.992933552933553,0.0007051058162488,0.9904060304951172,0.9979285344381148,0.9941530524505588,75.544,0.011,2026-06-04 01-37-24,data/results/stacker_training_features.csv,0.9970758577359278,9623.0,meta_model_rich_bert_tranco_cb; sklearn v1.8.0,rich,bert_tranco,strict,data/results/stacker_training_features.csv
Ablation meta model (XGBoost),0.9916865842252937,0.9916865296865296,0.0017075336369147,0.9902179509181396,0.996029691006387,0.9931153184165232,2.786,0.012,2026-06-04 01-37-27,data/results/stacker_training_features.csv,0.997674581594154,9623.0,meta_model_rich_bert_tranco_xgb; sklearn v1.8.0,rich,bert_tranco,strict,data/results/stacker_training_features.csv
Ablation meta model (Logistic Regression),0.703418892237348,0.7034186354186355,0.0058496141715666,0.6849590937696665,0.9394096323148629,0.7922550589605474,0.326,0.004,2026-06-04 01-37-28,data/results/stacker_training_features.csv,0.6509251058831694,9623.0,meta_model_rich_cb_vt_lr; sklearn v1.8.0,rich,cb_vt,strict,data/results/stacker_training_features.csv
Ablation meta model (Gradient Boosting),0.8610620388652187,0.8610623970623971,0.0020169656116256,0.85153045124645,0.931641636457794,0.8897864974033468,7.839,0.015,2026-06-04 01-37-35,data/results/stacker_training_features.csv,0.9302728286006474,9623.0,meta_model_rich_cb_vt_gb; sklearn v1.8.0,rich,cb_vt,strict,data/results/stacker_training_features.csv
Ablation meta model (Support Vector Machine),0.7769926218434999,0.5963830223830224,0.0115266903001715,0.8556660815291594,0.7572932849991368,0.8034798534798535,141.397,4.915,2026-06-04 01-40-02,data/results/stacker_training_features.csv,0.849810769187085,9623.0,meta_model_rich_cb_vt_svm; sklearn v1.8.0,rich,cb_vt,strict,data/results/stacker_training_features.csv
Ablation meta model (Multi-layer Perceptron),0.8481762444144237,0.8481761481761481,0.0021214914215728,0.8510534846029173,0.9064388054548592,0.8778734431162751,55.774,0.006,2026-06-04 01-40-58,data/results/stacker_training_features.csv,0.9123521725824676,9623.0,meta_model_rich_cb_vt_mlp; sklearn v1.8.0,rich,cb_vt,strict,data/results/stacker_training_features.csv
Ablation meta model (Decision Tree),0.8917177595344488,0.8917177957177957,0.0016600596037543,0.901470339699172,0.9207664422578976,0.9110162254483348,0.227,0.003,2026-06-04 01-40-58,data/results/stacker_training_features.csv,0.8857486459529126,9623.0,meta_model_rich_cb_vt_dt; sklearn v1.8.0,rich,cb_vt,strict,data/results/stacker_training_features.csv
Ablation meta model (CatBoost),0.8610620388652187,0.8610623430623431,0.0024545495803257,0.8567082933077169,0.923701018470568,0.8889442644737935,70.797,0.009,2026-06-04 01-42-09,data/results/stacker_training_features.csv,0.9351197019541456,9623.0,meta_model_rich_cb_vt_cb; sklearn v1.8.0,rich,cb_vt,strict,data/results/stacker_training_features.csv
Ablation meta model (XGBoost),0.8614777096539541,0.8614777654777654,0.0037235790209866,0.8592139175257731,0.9207664422578976,0.8889259228397633,2.089,0.013,2026-06-04 01-42-11,data/results/stacker_training_features.csv,0.9333606914620554,9623.0,meta_model_rich_cb_vt_xgb; sklearn v1.8.0,rich,cb_vt,strict,data/results/stacker_training_features.csv
Ablation meta model (Logistic Regression),0.9843084277252416,0.9843081783081782,0.0017533591387383,0.9792728508324838,0.9949939582254445,0.987070810857094,0.351,0.003,2026-06-04 01-42-11,data/results/stacker_training_features.csv,0.9893018899644344,9623.0,meta_model_rich_cb_tranco_lr; sklearn v1.8.0,rich,cb_tranco,strict,data/results/stacker_training_features.csv
Ablation meta model (Gradient Boosting),0.992621843499948,0.9926220266220266,0.0008925561490103,0.9915807560137456,0.996202313136544,0.9938861620597608,7.266,0.011,2026-06-04 01-42-19,data/results/stacker_training_features.csv,0.9961393939475888,9623.0,meta_model_rich_cb_tranco_gb; sklearn v1.8.0,rich,cb_tranco,strict,data/results/stacker_training_features.csv
Ablation meta model (Support Vector Machine),0.9866985347604698,0.9862829062829064,0.0014165858877841,0.9787054250464764,0.999654755739686,0.989069171648164,9.023,0.28,2026-06-04 01-42-28,data/results/stacker_training_features.csv,0.986562065768581,9623.0,meta_model_rich_cb_tranco_svm; sklearn v1.8.0,rich,cb_tranco,strict,data/results/stacker_training_features.csv
Ablation meta model (Multi-layer Perceptron),0.9868024524576536,0.9868024948024948,0.0013779344422797,0.979032803517078,0.9994821336095288,0.989151789527633,19.33,0.006,2026-06-04 01-42-47,data/results/stacker_training_features.csv,0.9935239658559736,9623.0,meta_model_rich_cb_tranco_mlp; sklearn v1.8.0,rich,cb_tranco,strict,data/results/stacker_training_features.csv
Ablation meta model (Decision Tree),0.9904395718590876,0.9904396144396144,0.0022435304532715,0.9915502672874632,0.9925772484032452,0.992063492063492,0.283,0.002,2026-06-04 01-42-48,data/results/stacker_training_features.csv,0.9898917573608916,9623.0,meta_model_rich_cb_tranco_dt; sklearn v1.8.0,rich,cb_tranco,strict,data/results/stacker_training_features.csv
Ablation meta model (CatBoost),0.9930375142886834,0.993037935037935,0.0017863411922817,0.9912491420727524,0.9972380459174868,0.9942345753377506,72.502,0.01,2026-06-04 01-44-00,data/results/stacker_training_features.csv,0.9973442783876644,9623.0,meta_model_rich_cb_tranco_cb; sklearn v1.8.0,rich,cb_tranco,strict,data/results/stacker_training_features.csv
Ablation meta model (XGBoost),0.992621843499948,0.9926221886221884,0.0016547746220737,0.9917497421794432,0.996029691006387,0.993885108948411,2.338,0.019,2026-06-04 01-44-03,data/results/stacker_training_features.csv,0.9973475685744794,9623.0,meta_model_rich_cb_tranco_xgb; sklearn v1.8.0,rich,cb_tranco,strict,data/results/stacker_training_features.csv
Ablation meta model (Logistic Regression),0.6977034188922373,0.6977032157032157,0.0099884778699748,0.6912466843501326,0.8997065423787329,0.7818195454886372,0.396,0.003,2026-06-04 01-44-03,data/results/stacker_training_features.csv,0.686820210220402,9623.0,meta_model_richops_bert_vt_lr; sklearn v1.8.0,richops,bert_vt,operational,data/results/stacker_training_features.csv
Ablation meta model (Gradient Boosting),0.74633690117427,0.7463370683370684,0.00602057308386,0.756034219370608,0.8543069221474193,0.8021719750384958,4.062,0.015,2026-06-04 01-44-07,data/results/stacker_training_features.csv,0.8276607357668997,9623.0,meta_model_richops_bert_vt_gb; sklearn v1.8.0,richops,bert_vt,operational,data/results/stacker_training_features.csv
Ablation meta model (Support Vector Machine),0.7177595344487167,0.7246184626184626,0.0088872389812793,0.6905263157894737,0.9625409977559124,0.804153446783963,156.146,5.949,2026-06-04 01-46-50,data/results/stacker_training_features.csv,0.789265450018682,9623.0,meta_model_richops_bert_vt_svm; sklearn v1.8.0,richops,bert_vt,operational,data/results/stacker_training_features.csv
Ablation meta model (Multi-layer Perceptron),0.723059337005092,0.723060021060021,0.0069370077740969,0.6906851987320166,0.9779043673398928,0.8095748481600572,48.453,0.009,2026-06-04 01-47-38,data/results/stacker_training_features.csv,0.8199733945578509,9623.0,meta_model_richops_bert_vt_mlp; sklearn v1.8.0,richops,bert_vt,operational,data/results/stacker_training_features.csv
Ablation meta model (Decision Tree),0.7142263327444663,0.7142262062262063,0.0131452087434771,0.7959540945341373,0.7063697566027964,0.7484909456740443,0.211,0.003,2026-06-04 01-47-38,data/results/stacker_training_features.csv,0.797122641488174,9623.0,meta_model_richops_bert_vt_dt; sklearn v1.8.0,richops,bert_vt,operational,data/results/stacker_training_features.csv
Ablation meta model (CatBoost),0.7451938065052478,0.7451942651942651,0.0056201858659502,0.7553890842378841,0.8529259451061626,0.8011999351386412,74.808,0.009,2026-06-04 01-48-53,data/results/stacker_training_features.csv,0.8262910940952864,9623.0,meta_model_richops_bert_vt_cb; sklearn v1.8.0,richops,bert_vt,operational,data/results/stacker_training_features.csv
Ablation meta model (XGBoost),0.7426997817728359,0.7427001107001107,0.0051213335849859,0.7592621541347506,0.8384256861729674,0.7968826907301066,2.195,0.021,2026-06-04 01-48-55,data/results/stacker_training_features.csv,0.8231223737661237,9623.0,meta_model_richops_bert_vt_xgb; sklearn v1.8.0,richops,bert_vt,operational,data/results/stacker_training_features.csv
Ablation meta model (Logistic Regression),0.9878416294294918,0.9878417258417258,0.0019599093532767,0.9829816201497618,0.9970654237873297,0.9899734338846516,0.336,0.003,2026-06-04 01-48-56,data/results/stacker_training_features.csv,0.993180569508802,9623.0,meta_model_richops_bert_tranco_lr; sklearn v1.8.0,richops,bert_tranco,operational,data/results/stacker_training_features.csv
Ablation meta model (Gradient Boosting),0.9935571027746024,0.9935573075573074,0.000962346026813,0.9936261843238589,0.9956844467460728,0.9946542507328848,6.275,0.011,2026-06-04 01-49-02,data/results/stacker_training_features.csv,0.9963780677048332,9623.0,meta_model_richops_bert_tranco_gb; sklearn v1.8.0,richops,bert_tranco,operational,data/results/stacker_training_features.csv
Ablation meta model (Support Vector Machine),0.9879455471266756,0.988049572049572,0.0019433450978764,0.9833134684147796,0.9968928016571724,0.9900565746614092,7.467,0.237,2026-06-04 01-49-10,data/results/stacker_training_features.csv,0.9897037885374398,9623.0,meta_model_richops_bert_tranco_svm; sklearn v1.8.0,richops,bert_tranco,operational,data/results/stacker_training_features.csv
Ablation meta model (Multi-layer Perceptron),0.9879455471266756,0.987945675945676,0.0016550748715628,0.982656010882503,0.9975832901778008,0.990063388727086,10.163,0.007,2026-06-04 01-49-20,data/results/stacker_training_features.csv,0.993287703400025,9623.0,meta_model_richops_bert_tranco_mlp; sklearn v1.8.0,richops,bert_tranco,operational,data/results/stacker_training_features.csv
Ablation meta model (Decision Tree),0.9912709134365584,0.9912709452709452,0.0008309894665218,0.9925798101811908,0.9929224926635596,0.99275112185019,0.252,0.002,2026-06-04 01-49-20,data/results/stacker_training_features.csv,0.9908439734819956,9623.0,meta_model_richops_bert_tranco_dt; sklearn v1.8.0,richops,bert_tranco,operational,data/results/stacker_training_features.csv
Ablation meta model (CatBoost),0.9923100904083966,0.9923100143100144,0.0011099710981491,0.9900599828620394,0.9972380459174868,0.9936360509115928,71.115,0.015,2026-06-04 01-50-32,data/results/stacker_training_features.csv,0.9969128582754284,9623.0,meta_model_richops_bert_tranco_cb; sklearn v1.8.0,richops,bert_tranco,operational,data/results/stacker_training_features.csv
Ablation meta model (XGBoost),0.9921022550140288,0.992102114102114,0.001448025495207,0.9903928632698576,0.9965475573968584,0.9934606780244364,3.017,0.022,2026-06-04 01-50-35,data/results/stacker_training_features.csv,0.9976268288142842,9623.0,meta_model_richops_bert_tranco_xgb; sklearn v1.8.0,richops,bert_tranco,operational,data/results/stacker_training_features.csv
Ablation meta model (Logistic Regression),0.70591291696976,0.7059125739125738,0.0057561884390656,0.6868928976914344,0.939927498705334,0.793731778425656,0.5,0.004,2026-06-04 01-50-35,data/results/stacker_training_features.csv,0.6546794794654032,9623.0,meta_model_richops_cb_vt_lr; sklearn v1.8.0,richops,cb_vt,operational,data/results/stacker_training_features.csv
Ablation meta model (Gradient Boosting),0.8610620388652187,0.8610623970623971,0.0020169656116256,0.85153045124645,0.931641636457794,0.8897864974033468,5.422,0.011,2026-06-04 01-50-41,data/results/stacker_training_features.csv,0.9302749018690516,9623.0,meta_model_richops_cb_vt_gb; sklearn v1.8.0,richops,cb_vt,operational,data/results/stacker_training_features.csv
Ablation meta model (Support Vector Machine),0.7162007689909592,0.5946165186165187,0.0086781729628603,0.8497030607583371,0.6421543241843605,0.7314914954281782,139.183,5.052,2026-06-04 01-53-05,data/results/stacker_training_features.csv,0.8429665946881962,9623.0,meta_model_richops_cb_vt_svm; sklearn v1.8.0,richops,cb_vt,operational,data/results/stacker_training_features.csv
Ablation meta model (Multi-layer Perceptron),0.8487997505975268,0.8487999027999027,0.001816509199457,0.855690390291899,0.9007422751596754,0.8776385501639896,55.899,0.007,2026-06-04 01-54-01,data/results/stacker_training_features.csv,0.9134596584786084,9623.0,meta_model_richops_cb_vt_mlp; sklearn v1.8.0,richops,cb_vt,operational,data/results/stacker_training_features.csv
Ablation meta model (Decision Tree),0.8917177595344488,0.8917177957177957,0.0016600596037543,0.901470339699172,0.9207664422578976,0.9110162254483348,0.225,0.003,2026-06-04 01-54-01,data/results/stacker_training_features.csv,0.8857486459529126,9623.0,meta_model_richops_cb_vt_dt; sklearn v1.8.0,richops,cb_vt,operational,data/results/stacker_training_features.csv
Ablation meta model (CatBoost),0.8614777096539541,0.8614777654777654,0.0013325347963036,0.8552086651799936,0.9268082168133954,0.8895700439068843,72.805,0.011,2026-06-04 01-55-14,data/results/stacker_training_features.csv,0.935146767121028,9623.0,meta_model_richops_cb_vt_cb; sklearn v1.8.0,richops,cb_vt,operational,data/results/stacker_training_features.csv
Ablation meta model (XGBoost),0.8614777096539541,0.8614777654777654,0.0037235790209866,0.8592139175257731,0.9207664422578976,0.8889259228397633,2.376,0.021,2026-06-04 01-55-17,data/results/stacker_training_features.csv,0.9333606914620554,9623.0,meta_model_richops_cb_vt_xgb; sklearn v1.8.0,richops,cb_vt,operational,data/results/stacker_training_features.csv
Ablation meta model (Logistic Regression),0.9843084277252416,0.9843081783081782,0.0017533591387383,0.9792728508324838,0.9949939582254445,0.987070810857094,0.347,0.003,2026-06-04 01-55-17,data/results/stacker_training_features.csv,0.9894183084924228,9623.0,meta_model_richops_cb_tranco_lr; sklearn v1.8.0,richops,cb_tranco,operational,data/results/stacker_training_features.csv
Ablation meta model (Gradient Boosting),0.9925179258027642,0.9925181305181304,0.0009622415311306,0.9915793091596494,0.996029691006387,0.9937995177402686,7.092,0.011,2026-06-04 01-55-24,data/results/stacker_training_features.csv,0.9961386277397004,9623.0,meta_model_richops_cb_tranco_gb; sklearn v1.8.0,richops,cb_tranco,operational,data/results/stacker_training_features.csv
Ablation meta model (Support Vector Machine),0.986490699366102,0.9862829062829064,0.0014165858877841,0.9783747254603818,0.999654755739686,0.9889002732240436,9.306,0.3,2026-06-04 01-55-34,data/results/stacker_training_features.csv,0.9849239133031268,9623.0,meta_model_richops_cb_tranco_svm; sklearn v1.8.0,richops,cb_tranco,operational,data/results/stacker_training_features.csv
Ablation meta model (Multi-layer Perceptron),0.9863867816689182,0.9863867483867484,0.0012897653023567,0.9786946229286438,0.9991368893492144,0.9888101136072436,16.417,0.007,2026-06-04 01-55-50,data/results/stacker_training_features.csv,0.9935680904161366,9623.0,meta_model_richops_cb_tranco_mlp; sklearn v1.8.0,richops,cb_tranco,operational,data/results/stacker_training_features.csv
Ablation meta model (Decision Tree),0.99023173646472,0.9902317682317682,0.0019277064466864,0.9915473520786614,0.9922320041429312,0.9918895599654874,0.283,0.002,2026-06-04 01-55-51,data/results/stacker_training_features.csv,0.9897191352307344,9623.0,meta_model_richops_cb_tranco_dt; sklearn v1.8.0,richops,cb_tranco,operational,data/results/stacker_training_features.csv
Ablation meta model (CatBoost),0.9929335965914996,0.9929339309339308,0.0014899745314273,0.9912476402951776,0.9970654237873297,0.9941480206540448,71.204,0.011,2026-06-04 01-57-02,data/results/stacker_training_features.csv,0.9973857437557438,9623.0,meta_model_richops_cb_tranco_cb; sklearn v1.8.0,richops,cb_tranco,operational,data/results/stacker_training_features.csv
Ablation meta model (XGBoost),0.9926218434999481,0.9926221346221347,0.001518806267579466,0.9914118859498454,0.9963749352667012,0.9938872148084373,2.948,0.013,2026-06-04 01-57-05,data/results/stacker_training_features.csv,0.9973339345811707,9623.0,meta_model_richops_cb_tranco_xgb; sklearn v1.8.0,richops,cb_tranco,operational,data/results/stacker_training_features.csv
